[
    {
        "id": 1,
        "type": "diamond",
        "x": 825.72,
        "y": 163.01,
        "width": 35,
        "height": 35,
        "value": 200,
        "phase": 1
    },
    {
        "id": 2,
        "type": "coin",
        "x": 296.57,
        "y": 364.73,
        "width": 20,
        "height": 20,
        "value": 10,
        "phase": 1
    },
    {
        "id": 3,
        "type": "gem",
        "x": 497.29,
        "y": 320.11,
        "width": 25,
        "height": 25,
        "value": 50,
        "phase": 1
    },
    {
        "id": 4,
        "type": "crown",
        "x": 36.1,
        "y": 363.8,
        "width": 40,
        "height": 40,
        "value": 500,
        "phase": 1
    },
    {
        "id": 5,
        "type": "crown",
        "x": 532.16,
        "y": 44.87,
        "width": 40,
        "height": 40,
        "value": 500,
        "phase": 1
    },
    {
        "id": 6,
        "type": "crown",
        "x": 460.49,
        "y": 258.92,
        "width": 40,
        "height": 40,
        "value": 500,
        "phase": 2
    },
    {
        "id": 7,
        "type": "crown",
        "x": 398.18,
        "y": 107.23,
        "width": 40,
        "height": 40,
        "value": 500,
        "phase": 2
    },
    {
        "id": 8,
        "type": "crown",
        "x": 506.52,
        "y": 717.01,
        "width": 40,
        "height": 40,
        "value": 500,
        "phase": 2
    },
    {
        "id": 9,
        "type": "coin",
        "x": 581.86,
        "y": 709.5,
        "width": 20,
        "height": 20,
        "value": 10,
        "phase": 2
    },
    {
        "id": 10,
        "type": "star",
        "x": 34.4,
        "y": 338.1,
        "width": 30,
        "height": 30,
        "value": 100,
        "phase": 2
    },
    {
        "id": 11,
        "type": "gem",
        "x": 162.76,
        "y": 620.61,
        "width": 25,
        "height": 25,
        "value": 50,
        "phase": 2
    },
    {
        "id": 12,
        "type": "crown",
        "x": 509.35,
        "y": 456.85,
        "width": 40,
        "height": 40,
        "value": 500,
        "phase": 2
    },
    {
        "id": 13,
        "type": "star",
        "x": 1041.3,
        "y": 5.12,
        "width": 30,
        "height": 30,
        "value": 100,
        "phase": 2
    },
    {
        "id": 14,
        "type": "coin",
        "x": 541.39,
        "y": 38.29,
        "width": 20,
        "height": 20,
        "value": 10,
        "phase": 2
    },
    {
        "id": 15,
        "type": "star",
        "x": 1032.03,
        "y": 119.0,
        "width": 30,
        "height": 30,
        "value": 100,
        "phase": 2
    },
    {
        "id": 16,
        "type": "star",
        "x": 783.55,
        "y": 36.59,
        "width": 30,
        "height": 30,
        "value": 100,
        "phase": 2
    },
    {
        "id": 17,
        "type": "gem",
        "x": 607.25,
        "y": 673.81,
        "width": 25,
        "height": 25,
        "value": 50,
        "phase": 2
    },
    {
        "id": 18,
        "type": "star",
        "x": 404.56,
        "y": 477.44,
        "width": 30,
        "height": 30,
        "value": 100,
        "phase": 2
    },
    {
        "id": 19,
        "type": "crown",
        "x": 1070.46,
        "y": 95.39,
        "width": 40,
        "height": 40,
        "value": 500,
        "phase": 2
    },
    {
        "id": 20,
        "type": "gem",
        "x": 1147.46,
        "y": 499.26,
        "width": 25,
        "height": 25,
        "value": 50,
        "phase": 2
    },
    {
        "id": 21,
        "type": "crown",
        "x": 359.67,
        "y": 112.56,
        "width": 40,
        "height": 40,
        "value": 500,
        "phase": 3
    },
    {
        "id": 22,
        "type": "star",
        "x": 928.71,
        "y": 697.76,
        "width": 30,
        "height": 30,
        "value": 100,
        "phase": 3
    },
    {
        "id": 23,
        "type": "gem",
        "x": 391.7,
        "y": 326.45,
        "width": 25,
        "height": 25,
        "value": 50,
        "phase": 3
    },
    {
        "id": 24,
        "type": "star",
        "x": 313.33,
        "y": 38.18,
        "width": 30,
        "height": 30,
        "value": 100,
        "phase": 3
    },
    {
        "id": 25,
        "type": "coin",
        "x": 780.58,
        "y": 491.91,
        "width": 20,
        "height": 20,
        "value": 10,
        "phase": 3
    },
    {
        "id": 26,
        "type": "gem",
        "x": 509.37,
        "y": 463.81,
        "width": 25,
        "height": 25,
        "value": 50,
        "phase": 3
    },
    {
        "id": 27,
        "type": "gem",
        "x": 1134.09,
        "y": 304.16,
        "width": 25,
        "height": 25,
        "value": 50,
        "phase": 3
    },
    {
        "id": 28,
        "type": "star",
        "x": 567.12,
        "y": 723.99,
        "width": 30,
        "height": 30,
        "value": 100,
        "phase": 3
    },
    {
        "id": 29,
        "type": "star",
        "x": 321.94,
        "y": 17.35,
        "width": 30,
        "height": 30,
        "value": 100,
        "phase": 3
    },
    {
        "id": 30,
        "type": "diamond",
        "x": 179.5,
        "y": 675.49,
        "width": 35,
        "height": 35,
        "value": 200,
        "phase": 3
    },
    {
        "id": 31,
        "type": "star",
        "x": 314.4,
        "y": 233.9,
        "width": 30,
        "height": 30,
        "value": 100,
        "phase": 3
    },
    {
        "id": 32,
        "type": "coin",
        "x": 263.34,
        "y": 421.71,
        "width": 20,
        "height": 20,
        "value": 10,
        "phase": 3
    },
    {
        "id": 33,
        "type": "coin",
        "x": 103.76,
        "y": 546.26,
        "width": 20,
        "height": 20,
        "value": 10,
        "phase": 3
    },
    {
        "id": 34,
        "type": "gem",
        "x": 703.21,
        "y": 586.99,
        "width": 25,
        "height": 25,
        "value": 50,
        "phase": 3
    },
    {
        "id": 35,
        "type": "gem",
        "x": 187.56,
        "y": 749.56,
        "width": 25,
        "height": 25,
        "value": 50,
        "phase": 3
    },
    {
        "id": 36,
        "type": "diamond",
        "x": 106.04,
        "y": 408.31,
        "width": 35,
        "height": 35,
        "value": 200,
        "phase": 3
    },
    {
        "id": 37,
        "type": "diamond",
        "x": 704.98,
        "y": 225.72,
        "width": 35,
        "height": 35,
        "value": 200,
        "phase": 3
    },
    {
        "id": 38,
        "type": "star",
        "x": 68.82,
        "y": 546.91,
        "width": 30,
        "height": 30,
        "value": 100,
        "phase": 3
    },
    {
        "id": 39,
        "type": "coin",
        "x": 932.59,
        "y": 641.71,
        "width": 20,
        "height": 20,
        "value": 10,
        "phase": 3
    },
    {
        "id": 40,
        "type": "crown",
        "x": 94.48,
        "y": 498.84,
        "width": 40,
        "height": 40,
        "value": 500,
        "phase": 3
    },
    {
        "id": 41,
        "type": "gem",
        "x": 1138.63,
        "y": 472.22,
        "width": 25,
        "height": 25,
        "value": 50,
        "phase": 4
    },
    {
        "id": 42,
        "type": "coin",
        "x": 772.81,
        "y": 460.32,
        "width": 20,
        "height": 20,
        "value": 10,
        "phase": 4
    },
    {
        "id": 43,
        "type": "crown",
        "x": 1143.18,
        "y": 749.83,
        "width": 40,
        "height": 40,
        "value": 500,
        "phase": 4
    },
    {
        "id": 44,
        "type": "gem",
        "x": 411.02,
        "y": 327.26,
        "width": 25,
        "height": 25,
        "value": 50,
        "phase": 4
    },
    {
        "id": 45,
        "type": "diamond",
        "x": 427.07,
        "y": 318.47,
        "width": 35,
        "height": 35,
        "value": 200,
        "phase": 4
    },
    {
        "id": 46,
        "type": "gem",
        "x": 870.31,
        "y": 654.07,
        "width": 25,
        "height": 25,
        "value": 50,
        "phase": 4
    },
    {
        "id": 47,
        "type": "crown",
        "x": 47.76,
        "y": 590.08,
        "width": 40,
        "height": 40,
        "value": 500,
        "phase": 4
    },
    {
        "id": 48,
        "type": "diamond",
        "x": 704.95,
        "y": 273.91,
        "width": 35,
        "height": 35,
        "value": 200,
        "phase": 4
    },
    {
        "id": 49,
        "type": "diamond",
        "x": 87.72,
        "y": 546.14,
        "width": 35,
        "height": 35,
        "value": 200,
        "phase": 4
    },
    {
        "id": 50,
        "type": "crown",
        "x": 564.16,
        "y": 457.62,
        "width": 40,
        "height": 40,
        "value": 500,
        "phase": 4
    },
    {
        "id": 51,
        "type": "coin",
        "x": 140.23,
        "y": 47.03,
        "width": 20,
        "height": 20,
        "value": 10,
        "phase": 4
    },
    {
        "id": 52,
        "type": "gem",
        "x": 1093.98,
        "y": 469.54,
        "width": 25,
        "height": 25,
        "value": 50,
        "phase": 4
    },
    {
        "id": 53,
        "type": "crown",
        "x": 88.38,
        "y": 186.9,
        "width": 40,
        "height": 40,
        "value": 500,
        "phase": 4
    },
    {
        "id": 54,
        "type": "crown",
        "x": 839.63,
        "y": 356.58,
        "width": 40,
        "height": 40,
        "value": 500,
        "phase": 4
    },
    {
        "id": 55,
        "type": "crown",
        "x": 232.9,
        "y": 197.18,
        "width": 40,
        "height": 40,
        "value": 500,
        "phase": 4
    },
    {
        "id": 56,
        "type": "crown",
        "x": 647.95,
        "y": 179.74,
        "width": 40,
        "height": 40,
        "value": 500,
        "phase": 4
    },
    {
        "id": 57,
        "type": "coin",
        "x": 888.31,
        "y": 115.63,
        "width": 20,
        "height": 20,
        "value": 10,
        "phase": 4
    },
    {
        "id": 58,
        "type": "crown",
        "x": 479.11,
        "y": 333.46,
        "width": 40,
        "height": 40,
        "value": 500,
        "phase": 4
    },
    {
        "id": 59,
        "type": "coin",
        "x": 963.52,
        "y": 313.84,
        "width": 20,
        "height": 20,
        "value": 10,
        "phase": 4
    },
    {
        "id": 60,
        "type": "gem",
        "x": 349.15,
        "y": 335.07,
        "width": 25,
        "height": 25,
        "value": 50,
        "phase": 4
    },
    {
        "id": 61,
        "type": "star",
        "x": 1056.41,
        "y": 528.89,
        "width": 30,
        "height": 30,
        "value": 100,
        "phase": 4
    },
    {
        "id": 62,
        "type": "crown",
        "x": 693.07,
        "y": 645.98,
        "width": 40,
        "height": 40,
        "value": 500,
        "phase": 4
    },
    {
        "id": 63,
        "type": "star",
        "x": 739.59,
        "y": 505.31,
        "width": 30,
        "height": 30,
        "value": 100,
        "phase": 4
    },
    {
        "id": 64,
        "type": "coin",
        "x": 664.04,
        "y": 659.31,
        "width": 20,
        "height": 20,
        "value": 10,
        "phase": 4
    },
    {
        "id": 65,
        "type": "star",
        "x": 771.14,
        "y": 725.03,
        "width": 30,
        "height": 30,
        "value": 100,
        "phase": 4
    },
    {
        "id": 66,
        "type": "gem",
        "x": 999.35,
        "y": 246.38,
        "width": 25,
        "height": 25,
        "value": 50,
        "phase": 5
    },
    {
        "id": 67,
        "type": "diamond",
        "x": 142.62,
        "y": 423.68,
        "width": 35,
        "height": 35,
        "value": 200,
        "phase": 5
    },
    {
        "id": 68,
        "type": "crown",
        "x": 849.33,
        "y": 71.94,
        "width": 40,
        "height": 40,
        "value": 500,
        "phase": 5
    },
    {
        "id": 69,
        "type": "coin",
        "x": 496.26,
        "y": 261.5,
        "width": 20,
        "height": 20,
        "value": 10,
        "phase": 5
    },
    {
        "id": 70,
        "type": "star",
        "x": 289.91,
        "y": 658.55,
        "width": 30,
        "height": 30,
        "value": 100,
        "phase": 5
    },
    {
        "id": 71,
        "type": "diamond",
        "x": 1151.92,
        "y": 574.86,
        "width": 35,
        "height": 35,
        "value": 200,
        "phase": 5
    },
    {
        "id": 72,
        "type": "star",
        "x": 319.31,
        "y": 337.73,
        "width": 30,
        "height": 30,
        "value": 100,
        "phase": 5
    },
    {
        "id": 73,
        "type": "star",
        "x": 773.58,
        "y": 308.44,
        "width": 30,
        "height": 30,
        "value": 100,
        "phase": 5
    },
    {
        "id": 74,
        "type": "coin",
        "x": 432.71,
        "y": 490.41,
        "width": 20,
        "height": 20,
        "value": 10,
        "phase": 5
    },
    {
        "id": 75,
        "type": "star",
        "x": 508.37,
        "y": 706.74,
        "width": 30,
        "height": 30,
        "value": 100,
        "phase": 5
    },
    {
        "id": 76,
        "type": "star",
        "x": 1131.31,
        "y": 746.45,
        "width": 30,
        "height": 30,
        "value": 100,
        "phase": 5
    },
    {
        "id": 77,
        "type": "diamond",
        "x": 510.85,
        "y": 502.63,
        "width": 35,
        "height": 35,
        "value": 200,
        "phase": 5
    },
    {
        "id": 78,
        "type": "gem",
        "x": 600.91,
        "y": 572.24,
        "width": 25,
        "height": 25,
        "value": 50,
        "phase": 5
    },
    {
        "id": 79,
        "type": "coin",
        "x": 142.74,
        "y": 418.08,
        "width": 20,
        "height": 20,
        "value": 10,
        "phase": 5
    },
    {
        "id": 80,
        "type": "gem",
        "x": 1031.06,
        "y": 595.29,
        "width": 25,
        "height": 25,
        "value": 50,
        "phase": 5
    },
    {
        "id": 81,
        "type": "crown",
        "x": 126.12,
        "y": 651.52,
        "width": 40,
        "height": 40,
        "value": 500,
        "phase": 5
    },
    {
        "id": 82,
        "type": "coin",
        "x": 396.4,
        "y": 229.82,
        "width": 20,
        "height": 20,
        "value": 10,
        "phase": 5
    },
    {
        "id": 83,
        "type": "crown",
        "x": 1149.41,
        "y": 741.24,
        "width": 40,
        "height": 40,
        "value": 500,
        "phase": 5
    },
    {
        "id": 84,
        "type": "crown",
        "x": 953.95,
        "y": 418.83,
        "width": 40,
        "height": 40,
        "value": 500,
        "phase": 5
    },
    {
        "id": 85,
        "type": "coin",
        "x": 582.26,
        "y": 635.7,
        "width": 20,
        "height": 20,
        "value": 10,
        "phase": 5
    },
    {
        "id": 86,
        "type": "gem",
        "x": 497.78,
        "y": 559.22,
        "width": 25,
        "height": 25,
        "value": 50,
        "phase": 5
    },
    {
        "id": 87,
        "type": "diamond",
        "x": 1158.87,
        "y": 679.67,
        "width": 35,
        "height": 35,
        "value": 200,
        "phase": 5
    },
    {
        "id": 88,
        "type": "gem",
        "x": 1129.37,
        "y": 153.93,
        "width": 25,
        "height": 25,
        "value": 50,
        "phase": 5
    },
    {
        "id": 89,
        "type": "coin",
        "x": 533.63,
        "y": 316.46,
        "width": 20,
        "height": 20,
        "value": 10,
        "phase": 5
    },
    {
        "id": 90,
        "type": "coin",
        "x": 1056.29,
        "y": 751.75,
        "width": 20,
        "height": 20,
        "value": 10,
        "phase": 5
    },
    {
        "id": 91,
        "type": "diamond",
        "x": 621.84,
        "y": 675.36,
        "width": 35,
        "height": 35,
        "value": 200,
        "phase": 5
    },
    {
        "id": 92,
        "type": "coin",
        "x": 984.8,
        "y": 185.52,
        "width": 20,
        "height": 20,
        "value": 10,
        "phase": 5
    },
    {
        "id": 93,
        "type": "gem",
        "x": 1138.53,
        "y": 394.1,
        "width": 25,
        "height": 25,
        "value": 50,
        "phase": 5
    },
    {
        "id": 94,
        "type": "star",
        "x": 433.17,
        "y": 4.41,
        "width": 30,
        "height": 30,
        "value": 100,
        "phase": 5
    },
    {
        "id": 95,
        "type": "crown",
        "x": 1007.25,
        "y": 656.79,
        "width": 40,
        "height": 40,
        "value": 500,
        "phase": 5
    },
    {
        "id": 96,
        "type": "gem",
        "x": 1021.79,
        "y": 352.76,
        "width": 25,
        "height": 25,
        "value": 50,
        "phase": 6
    },
    {
        "id": 97,
        "type": "crown",
        "x": 176.52,
        "y": 412.5,
        "width": 40,
        "height": 40,
        "value": 500,
        "phase": 6
    },
    {
        "id": 98,
        "type": "coin",
        "x": 692.23,
        "y": 160.59,
        "width": 20,
        "height": 20,
        "value": 10,
        "phase": 6
    },
    {
        "id": 99,
        "type": "gem",
        "x": 1027.15,
        "y": 48.43,
        "width": 25,
        "height": 25,
        "value": 50,
        "phase": 6
    },
    {
        "id": 100,
        "type": "coin",
        "x": 101.41,
        "y": 51.59,
        "width": 20,
        "height": 20,
        "value": 10,
        "phase": 6
    },
    {
        "id": 101,
        "type": "coin",
        "x": 1087.83,
        "y": 403.09,
        "width": 20,
        "height": 20,
        "value": 10,
        "phase": 6
    },
    {
        "id": 102,
        "type": "diamond",
        "x": 787.69,
        "y": 538.5,
        "width": 35,
        "height": 35,
        "value": 200,
        "phase": 6
    },
    {
        "id": 103,
        "type": "coin",
        "x": 915.36,
        "y": 365.29,
        "width": 20,
        "height": 20,
        "value": 10,
        "phase": 6
    },
    {
        "id": 104,
        "type": "star",
        "x": 766.49,
        "y": 614.46,
        "width": 30,
        "height": 30,
        "value": 100,
        "phase": 6
    },
    {
        "id": 105,
        "type": "coin",
        "x": 342.55,
        "y": 514.3,
        "width": 20,
        "height": 20,
        "value": 10,
        "phase": 6
    },
    {
        "id": 106,
        "type": "gem",
        "x": 960.49,
        "y": 598.75,
        "width": 25,
        "height": 25,
        "value": 50,
        "phase": 6
    },
    {
        "id": 107,
        "type": "coin",
        "x": 954.11,
        "y": 105.14,
        "width": 20,
        "height": 20,
        "value": 10,
        "phase": 6
    },
    {
        "id": 108,
        "type": "gem",
        "x": 567.31,
        "y": 18.66,
        "width": 25,
        "height": 25,
        "value": 50,
        "phase": 6
    },
    {
        "id": 109,
        "type": "crown",
        "x": 165.61,
        "y": 358.67,
        "width": 40,
        "height": 40,
        "value": 500,
        "phase": 6
    },
    {
        "id": 110,
        "type": "crown",
        "x": 1113.95,
        "y": 168.76,
        "width": 40,
        "height": 40,
        "value": 500,
        "phase": 6
    },
    {
        "id": 111,
        "type": "crown",
        "x": 538.63,
        "y": 746.87,
        "width": 40,
        "height": 40,
        "value": 500,
        "phase": 6
    },
    {
        "id": 112,
        "type": "star",
        "x": 60.65,
        "y": 730.39,
        "width": 30,
        "height": 30,
        "value": 100,
        "phase": 6
    },
    {
        "id": 113,
        "type": "crown",
        "x": 849.95,
        "y": 629.53,
        "width": 40,
        "height": 40,
        "value": 500,
        "phase": 6
    },
    {
        "id": 114,
        "type": "diamond",
        "x": 66.58,
        "y": 77.07,
        "width": 35,
        "height": 35,
        "value": 200,
        "phase": 6
    },
    {
        "id": 115,
        "type": "gem",
        "x": 442.5,
        "y": 311.49,
        "width": 25,
        "height": 25,
        "value": 50,
        "phase": 6
    },
    {
        "id": 116,
        "type": "gem",
        "x": 1164.0,
        "y": 512.9,
        "width": 25,
        "height": 25,
        "value": 50,
        "phase": 6
    },
    {
        "id": 117,
        "type": "gem",
        "x": 42.72,
        "y": 274.21,
        "width": 25,
        "height": 25,
        "value": 50,
        "phase": 6
    },
    {
        "id": 118,
        "type": "gem",
        "x": 1011.93,
        "y": 260.98,
        "width": 25,
        "height": 25,
        "value": 50,
        "phase": 6
    },
    {
        "id": 119,
        "type": "diamond",
        "x": 958.75,
        "y": 474.45,
        "width": 35,
        "height": 35,
        "value": 200,
        "phase": 6
    },
    {
        "id": 120,
        "type": "gem",
        "x": 735.09,
        "y": 435.39,
        "width": 25,
        "height": 25,
        "value": 50,
        "phase": 6
    },
    {
        "id": 121,
        "type": "coin",
        "x": 40.97,
        "y": 142.8,
        "width": 20,
        "height": 20,
        "value": 10,
        "phase": 6
    },
    {
        "id": 122,
        "type": "crown",
        "x": 931.31,
        "y": 518.73,
        "width": 40,
        "height": 40,
        "value": 500,
        "phase": 6
    },
    {
        "id": 123,
        "type": "crown",
        "x": 416.36,
        "y": 37.58,
        "width": 40,
        "height": 40,
        "value": 500,
        "phase": 6
    },
    {
        "id": 124,
        "type": "diamond",
        "x": 322.98,
        "y": 121.33,
        "width": 35,
        "height": 35,
        "value": 200,
        "phase": 6
    },
    {
        "id": 125,
        "type": "coin",
        "x": 402.74,
        "y": 335.32,
        "width": 20,
        "height": 20,
        "value": 10,
        "phase": 6
    },
    {
        "id": 126,
        "type": "diamond",
        "x": 153.24,
        "y": 656.01,
        "width": 35,
        "height": 35,
        "value": 200,
        "phase": 6
    },
    {
        "id": 127,
        "type": "coin",
        "x": 703.42,
        "y": 159.66,
        "width": 20,
        "height": 20,
        "value": 10,
        "phase": 6
    },
    {
        "id": 128,
        "type": "coin",
        "x": 1135.73,
        "y": 155.6,
        "width": 20,
        "height": 20,
        "value": 10,
        "phase": 6
    },
    {
        "id": 129,
        "type": "crown",
        "x": 164.81,
        "y": 166.42,
        "width": 40,
        "height": 40,
        "value": 500,
        "phase": 6
    },
    {
        "id": 130,
        "type": "coin",
        "x": 829.95,
        "y": 512.5,
        "width": 20,
        "height": 20,
        "value": 10,
        "phase": 6
    },
    {
        "id": 131,
        "type": "gem",
        "x": 157.64,
        "y": 758.99,
        "width": 25,
        "height": 25,
        "value": 50,
        "phase": 7
    },
    {
        "id": 132,
        "type": "star",
        "x": 837.88,
        "y": 87.74,
        "width": 30,
        "height": 30,
        "value": 100,
        "phase": 7
    },
    {
        "id": 133,
        "type": "coin",
        "x": 553.93,
        "y": 147.2,
        "width": 20,
        "height": 20,
        "value": 10,
        "phase": 7
    },
    {
        "id": 134,
        "type": "crown",
        "x": 94.34,
        "y": 345.46,
        "width": 40,
        "height": 40,
        "value": 500,
        "phase": 7
    },
    {
        "id": 135,
        "type": "star",
        "x": 1101.29,
        "y": 464.64,
        "width": 30,
        "height": 30,
        "value": 100,
        "phase": 7
    },
    {
        "id": 136,
        "type": "diamond",
        "x": 326.42,
        "y": 443.84,
        "width": 35,
        "height": 35,
        "value": 200,
        "phase": 7
    },
    {
        "id": 137,
        "type": "crown",
        "x": 639.13,
        "y": 472.47,
        "width": 40,
        "height": 40,
        "value": 500,
        "phase": 7
    },
    {
        "id": 138,
        "type": "crown",
        "x": 766.14,
        "y": 353.7,
        "width": 40,
        "height": 40,
        "value": 500,
        "phase": 7
    },
    {
        "id": 139,
        "type": "star",
        "x": 947.56,
        "y": 112.15,
        "width": 30,
        "height": 30,
        "value": 100,
        "phase": 7
    },
    {
        "id": 140,
        "type": "crown",
        "x": 778.31,
        "y": 573.4,
        "width": 40,
        "height": 40,
        "value": 500,
        "phase": 7
    },
    {
        "id": 141,
        "type": "diamond",
        "x": 656.74,
        "y": 230.78,
        "width": 35,
        "height": 35,
        "value": 200,
        "phase": 7
    },
    {
        "id": 142,
        "type": "diamond",
        "x": 46.31,
        "y": 299.24,
        "width": 35,
        "height": 35,
        "value": 200,
        "phase": 7
    },
    {
        "id": 143,
        "type": "coin",
        "x": 326.52,
        "y": 63.14,
        "width": 20,
        "height": 20,
        "value": 10,
        "phase": 7
    },
    {
        "id": 144,
        "type": "coin",
        "x": 5.21,
        "y": 5.26,
        "width": 20,
        "height": 20,
        "value": 10,
        "phase": 7
    },
    {
        "id": 145,
        "type": "coin",
        "x": 306.29,
        "y": 585.98,
        "width": 20,
        "height": 20,
        "value": 10,
        "phase": 7
    },
    {
        "id": 146,
        "type": "crown",
        "x": 973.98,
        "y": 110.72,
        "width": 40,
        "height": 40,
        "value": 500,
        "phase": 7
    },
    {
        "id": 147,
        "type": "crown",
        "x": 431.86,
        "y": 181.74,
        "width": 40,
        "height": 40,
        "value": 500,
        "phase": 7
    },
    {
        "id": 148,
        "type": "star",
        "x": 84.29,
        "y": 750.19,
        "width": 30,
        "height": 30,
        "value": 100,
        "phase": 7
    },
    {
        "id": 149,
        "type": "gem",
        "x": 5.46,
        "y": 559.27,
        "width": 25,
        "height": 25,
        "value": 50,
        "phase": 7
    },
    {
        "id": 150,
        "type": "star",
        "x": 1160.3,
        "y": 184.99,
        "width": 30,
        "height": 30,
        "value": 100,
        "phase": 7
    },
    {
        "id": 151,
        "type": "gem",
        "x": 992.6,
        "y": 51.51,
        "width": 25,
        "height": 25,
        "value": 50,
        "phase": 7
    },
    {
        "id": 152,
        "type": "crown",
        "x": 422.39,
        "y": 80.39,
        "width": 40,
        "height": 40,
        "value": 500,
        "phase": 7
    },
    {
        "id": 153,
        "type": "crown",
        "x": 529.22,
        "y": 536.95,
        "width": 40,
        "height": 40,
        "value": 500,
        "phase": 7
    },
    {
        "id": 154,
        "type": "star",
        "x": 35.86,
        "y": 500.66,
        "width": 30,
        "height": 30,
        "value": 100,
        "phase": 7
    },
    {
        "id": 155,
        "type": "diamond",
        "x": 1014.21,
        "y": 434.52,
        "width": 35,
        "height": 35,
        "value": 200,
        "phase": 7
    },
    {
        "id": 156,
        "type": "gem",
        "x": 1142.38,
        "y": 88.52,
        "width": 25,
        "height": 25,
        "value": 50,
        "phase": 7
    },
    {
        "id": 157,
        "type": "coin",
        "x": 106.41,
        "y": 98.37,
        "width": 20,
        "height": 20,
        "value": 10,
        "phase": 7
    },
    {
        "id": 158,
        "type": "gem",
        "x": 770.94,
        "y": 133.43,
        "width": 25,
        "height": 25,
        "value": 50,
        "phase": 7
    },
    {
        "id": 159,
        "type": "gem",
        "x": 704.84,
        "y": 750.78,
        "width": 25,
        "height": 25,
        "value": 50,
        "phase": 7
    },
    {
        "id": 160,
        "type": "diamond",
        "x": 120.7,
        "y": 344.3,
        "width": 35,
        "height": 35,
        "value": 200,
        "phase": 7
    },
    {
        "id": 161,
        "type": "diamond",
        "x": 598.39,
        "y": 435.19,
        "width": 35,
        "height": 35,
        "value": 200,
        "phase": 7
    },
    {
        "id": 162,
        "type": "gem",
        "x": 282.33,
        "y": 177.67,
        "width": 25,
        "height": 25,
        "value": 50,
        "phase": 7
    },
    {
        "id": 163,
        "type": "star",
        "x": 278.79,
        "y": 497.2,
        "width": 30,
        "height": 30,
        "value": 100,
        "phase": 7
    },
    {
        "id": 164,
        "type": "crown",
        "x": 494.05,
        "y": 446.75,
        "width": 40,
        "height": 40,
        "value": 500,
        "phase": 7
    },
    {
        "id": 165,
        "type": "star",
        "x": 969.66,
        "y": 377.42,
        "width": 30,
        "height": 30,
        "value": 100,
        "phase": 7
    },
    {
        "id": 166,
        "type": "coin",
        "x": 129.45,
        "y": 318.01,
        "width": 20,
        "height": 20,
        "value": 10,
        "phase": 7
    },
    {
        "id": 167,
        "type": "diamond",
        "x": 141.65,
        "y": 299.48,
        "width": 35,
        "height": 35,
        "value": 200,
        "phase": 7
    },
    {
        "id": 168,
        "type": "crown",
        "x": 361.27,
        "y": 500.41,
        "width": 40,
        "height": 40,
        "value": 500,
        "phase": 7
    },
    {
        "id": 169,
        "type": "coin",
        "x": 979.52,
        "y": 588.68,
        "width": 20,
        "height": 20,
        "value": 10,
        "phase": 7
    },
    {
        "id": 170,
        "type": "star",
        "x": 497.33,
        "y": 399.53,
        "width": 30,
        "height": 30,
        "value": 100,
        "phase": 7
    },
    {
        "id": 171,
        "type": "diamond",
        "x": 257.72,
        "y": 103.69,
        "width": 35,
        "height": 35,
        "value": 200,
        "phase": 8
    },
    {
        "id": 172,
        "type": "star",
        "x": 260.19,
        "y": 262.94,
        "width": 30,
        "height": 30,
        "value": 100,
        "phase": 8
    },
    {
        "id": 173,
        "type": "diamond",
        "x": 37.33,
        "y": 187.72,
        "width": 35,
        "height": 35,
        "value": 200,
        "phase": 8
    },
    {
        "id": 174,
        "type": "star",
        "x": 810.01,
        "y": 179.93,
        "width": 30,
        "height": 30,
        "value": 100,
        "phase": 8
    },
    {
        "id": 175,
        "type": "diamond",
        "x": 485.6,
        "y": 511.56,
        "width": 35,
        "height": 35,
        "value": 200,
        "phase": 8
    },
    {
        "id": 176,
        "type": "gem",
        "x": 1079.04,
        "y": 162.01,
        "width": 25,
        "height": 25,
        "value": 50,
        "phase": 8
    },
    {
        "id": 177,
        "type": "crown",
        "x": 62.17,
        "y": 548.16,
        "width": 40,
        "height": 40,
        "value": 500,
        "phase": 8
    },
    {
        "id": 178,
        "type": "coin",
        "x": 619.52,
        "y": 410.79,
        "width": 20,
        "height": 20,
        "value": 10,
        "phase": 8
    },
    {
        "id": 179,
        "type": "gem",
        "x": 1012.04,
        "y": 212.16,
        "width": 25,
        "height": 25,
        "value": 50,
        "phase": 8
    },
    {
        "id": 180,
        "type": "star",
        "x": 625.03,
        "y": 431.65,
        "width": 30,
        "height": 30,
        "value": 100,
        "phase": 8
    },
    {
        "id": 181,
        "type": "star",
        "x": 663.36,
        "y": 408.32,
        "width": 30,
        "height": 30,
        "value": 100,
        "phase": 8
    },
    {
        "id": 182,
        "type": "diamond",
        "x": 996.9,
        "y": 18.14,
        "width": 35,
        "height": 35,
        "value": 200,
        "phase": 8
    },
    {
        "id": 183,
        "type": "crown",
        "x": 502.23,
        "y": 245.58,
        "width": 40,
        "height": 40,
        "value": 500,
        "phase": 8
    },
    {
        "id": 184,
        "type": "diamond",
        "x": 137.46,
        "y": 241.1,
        "width": 35,
        "height": 35,
        "value": 200,
        "phase": 8
    },
    {
        "id": 185,
        "type": "diamond",
        "x": 91.33,
        "y": 430.3,
        "width": 35,
        "height": 35,
        "value": 200,
        "phase": 8
    },
    {
        "id": 186,
        "type": "crown",
        "x": 228.77,
        "y": 439.88,
        "width": 40,
        "height": 40,
        "value": 500,
        "phase": 8
    },
    {
        "id": 187,
        "type": "gem",
        "x": 908.15,
        "y": 72.5,
        "width": 25,
        "height": 25,
        "value": 50,
        "phase": 8
    },
    {
        "id": 188,
        "type": "diamond",
        "x": 314.11,
        "y": 155.94,
        "width": 35,
        "height": 35,
        "value": 200,
        "phase": 8
    },
    {
        "id": 189,
        "type": "gem",
        "x": 358.02,
        "y": 92.27,
        "width": 25,
        "height": 25,
        "value": 50,
        "phase": 8
    },
    {
        "id": 190,
        "type": "crown",
        "x": 199.54,
        "y": 635.63,
        "width": 40,
        "height": 40,
        "value": 500,
        "phase": 8
    },
    {
        "id": 191,
        "type": "gem",
        "x": 112.46,
        "y": 532.59,
        "width": 25,
        "height": 25,
        "value": 50,
        "phase": 8
    },
    {
        "id": 192,
        "type": "star",
        "x": 860.97,
        "y": 569.85,
        "width": 30,
        "height": 30,
        "value": 100,
        "phase": 8
    },
    {
        "id": 193,
        "type": "gem",
        "x": 1083.26,
        "y": 264.66,
        "width": 25,
        "height": 25,
        "value": 50,
        "phase": 8
    },
    {
        "id": 194,
        "type": "crown",
        "x": 521.62,
        "y": 570.98,
        "width": 40,
        "height": 40,
        "value": 500,
        "phase": 8
    },
    {
        "id": 195,
        "type": "coin",
        "x": 112.06,
        "y": 273.93,
        "width": 20,
        "height": 20,
        "value": 10,
        "phase": 8
    },
    {
        "id": 196,
        "type": "crown",
        "x": 791.08,
        "y": 668.2,
        "width": 40,
        "height": 40,
        "value": 500,
        "phase": 8
    },
    {
        "id": 197,
        "type": "gem",
        "x": 431.42,
        "y": 710.46,
        "width": 25,
        "height": 25,
        "value": 50,
        "phase": 8
    },
    {
        "id": 198,
        "type": "gem",
        "x": 1129.55,
        "y": 115.72,
        "width": 25,
        "height": 25,
        "value": 50,
        "phase": 8
    },
    {
        "id": 199,
        "type": "crown",
        "x": 128.85,
        "y": 61.41,
        "width": 40,
        "height": 40,
        "value": 500,
        "phase": 8
    },
    {
        "id": 200,
        "type": "star",
        "x": 308.23,
        "y": 372.38,
        "width": 30,
        "height": 30,
        "value": 100,
        "phase": 8
    },
    {
        "id": 201,
        "type": "gem",
        "x": 343.27,
        "y": 319.27,
        "width": 25,
        "height": 25,
        "value": 50,
        "phase": 8
    },
    {
        "id": 202,
        "type": "crown",
        "x": 838.51,
        "y": 345.99,
        "width": 40,
        "height": 40,
        "value": 500,
        "phase": 8
    },
    {
        "id": 203,
        "type": "diamond",
        "x": 751.96,
        "y": 123.92,
        "width": 35,
        "height": 35,
        "value": 200,
        "phase": 8
    },
    {
        "id": 204,
        "type": "star",
        "x": 125.76,
        "y": 604.19,
        "width": 30,
        "height": 30,
        "value": 100,
        "phase": 8
    },
    {
        "id": 205,
        "type": "crown",
        "x": 202.64,
        "y": 417.13,
        "width": 40,
        "height": 40,
        "value": 500,
        "phase": 8
    },
    {
        "id": 206,
        "type": "star",
        "x": 932.68,
        "y": 166.62,
        "width": 30,
        "height": 30,
        "value": 100,
        "phase": 8
    },
    {
        "id": 207,
        "type": "coin",
        "x": 1083.09,
        "y": 167.07,
        "width": 20,
        "height": 20,
        "value": 10,
        "phase": 8
    },
    {
        "id": 208,
        "type": "star",
        "x": 44.22,
        "y": 236.0,
        "width": 30,
        "height": 30,
        "value": 100,
        "phase": 8
    },
    {
        "id": 209,
        "type": "gem",
        "x": 363.57,
        "y": 345.61,
        "width": 25,
        "height": 25,
        "value": 50,
        "phase": 8
    },
    {
        "id": 210,
        "type": "star",
        "x": 305.51,
        "y": 143.64,
        "width": 30,
        "height": 30,
        "value": 100,
        "phase": 8
    },
    {
        "id": 211,
        "type": "coin",
        "x": 176.23,
        "y": 342.96,
        "width": 20,
        "height": 20,
        "value": 10,
        "phase": 8
    },
    {
        "id": 212,
        "type": "gem",
        "x": 626.13,
        "y": 46.1,
        "width": 25,
        "height": 25,
        "value": 50,
        "phase": 8
    },
    {
        "id": 213,
        "type": "coin",
        "x": 774.15,
        "y": 523.71,
        "width": 20,
        "height": 20,
        "value": 10,
        "phase": 8
    },
    {
        "id": 214,
        "type": "star",
        "x": 529.67,
        "y": 421.51,
        "width": 30,
        "height": 30,
        "value": 100,
        "phase": 8
    },
    {
        "id": 215,
        "type": "crown",
        "x": 166.28,
        "y": 35.19,
        "width": 40,
        "height": 40,
        "value": 500,
        "phase": 8
    }
]