{
    "obstacles": [
        {
            "id": 1,
            "type": "tree",
            "x": 300,
            "y": 150,
            "width": 60,
            "height": 90,
            "color": "#2E8B57",
            "levels": [1, 3]  
        },
        {
            "id": 2,
            "type": "rock",
            "x": 500,
            "y": 300,
            "width": 50,
            "height": 40,
            "color": "#696969",
            "levels": [1, 2, 3]  
        },
        {
            "id": 3,
            "type": "pond",
            "x": 200,
            "y": 400,
            "width": 150,
            "height": 100,
            "color": "#1E90FF",
            "levels": [2]  
        },
        {
            "id": 4,
            "type": "fence",
            "x": 100,
            "y": 200,
            "width": 250,
            "height": 30,
            "color": "#8B4513",
            "levels": [1]  
        },
        {
            "id": 5,
            "type": "house",
            "x": 600,
            "y": 100,
            "width": 120,
            "height": 140,
            "color": "#CD5C5C",
            "levels": [1]  
        },
        {
            "id": 6,
            "type": "bush",
            "x": 800,
            "y": 700,
            "width": 40,
            "height": 40,
            "color": "#3d8b37",
            "levels": [3]  
        },
        {
            "id": 16,
            "type": "mirror",
            "x": 800,
            "y": 400,
            "width": 120,
            "height": 180,
            "color": "#c0c0c0"
        },
        
        {
            "id": 8,
            "type": "portal",
            "x": 1400,
            "y": 600,
            "width": 100,
            "height": 120,
            "color": "#9400d3",
            "levels": [5]  
        }
    ]
}